name,details,geom
"WhitePlainsResArea","first test area for testing house detection training in White Plains","POLYGON ((-73.7792749922 41.0100756423, -73.7582464736 41.0100756423, -73.7582464736 41.0338409682, -73.7792749922 41.0338409682, -73.7792749922 41.0100756423))"
"NAIPWhitePlainsInPAIRS","data coverage for timestamp 2015-1-1 in PAIRS for layers `49104` (NIR), `35445`, `36431`, and `36432` (RGB)","POLYGON ((-73.8750121800347 41.1248752815575,-73.6252111002572 41.1244747898484,-73.6252111002572 40.937891615115,-73.874474786643 40.9367762971515,-73.8750121800347 41.1248752815575))"
